대성마이맥,국어,김승리,925
대성마이맥,국어,김상훈,180
대성마이맥,국어,정석민,1034
대성마이맥,국어,김젬마,970
대성마이맥,국어,김민경,947
대성마이맥,국어,김민준,1051
대성마이맥,국어,민표당,1019
대성마이맥,수학,배성민,924
대성마이맥,수학,한석원,278
대성마이맥,수학,이미지,998
대성마이맥,수학,정상모,969
대성마이맥,수학,정병호,1029
대성마이맥,수학,이창무,262
대성마이맥,수학,차영진,990
대성마이맥,수학,정병훈,1030
대성마이맥,수학,김경한,923
대성마이맥,수학,안성현,963
대성마이맥,수학,주예지,1049
대성마이맥,영어,이명학,531
대성마이맥,영어,션티,983
대성마이맥,영어,이영수,926
대성마이맥,영어,은선진,503
대성마이맥,영어,하지웅,922
대성마이맥,영어,아이린,1050
대성마이맥,영어,신미경,1026
대성마이맥,사회탐구,임정환,359
대성마이맥,사회탐구,배인영,362
대성마이맥,사회탐구,이형수,936
대성마이맥,사회탐구,권용기,360
대성마이맥,사회탐구,한세희,1053
대성마이맥,사회탐구,전성오,960
대성마이맥,사회탐구,최여름,987
대성마이맥,사회탐구,민준호,989
대성마이맥,사회탐구,혁명,995
대성마이맥,사회탐구,최성주,986
대성마이맥,과학탐구,방인혁,972
대성마이맥,과학탐구,안철우,455
대성마이맥,과학탐구,김준,1016
대성마이맥,과학탐구,장성문,1001
대성마이맥,과학탐구,정수민,921
대성마이맥,과학탐구,박선우,1052
대성마이맥,과학탐구,이훈식,938
대성마이맥,과학탐구,김지혁,449
대성마이맥,과학탐구,정성태,1018
대성마이맥,과학탐구,남궁원,1038
대성마이맥,제2외국어,지은경,937
대성마이맥,제3외국어,신승,965
대성마이맥,제4외국어,리하이,978
대성마이맥,제5외국어,유기태,962
대성마이맥,제6외국어,이아영,912
대성마이맥,논술,박성환,941
대성마이맥,논술,신재호,629
대성마이맥,논술,유제승,976
대성마이맥,논술,신한종,1031
대성마이맥,논술,이상인,1032
대성마이맥,논술,홍창우,1033
대성마이맥,논술,정재,973
대성마이맥,논술,정지윤,691
대성마이맥,논술,김보경,608
