메가스터디,국어,김동욱,https://m.megastudy.net/mobile/smart/teacher/qa_clean_list_ax_json.asp?OptVw=false&cat_cd=&ans_yn=&brd_kbn=qnabbs&tec_type=1&tec_cd=megakdw&brd_cd=807&brd_tbl=MS_BRD_TEC807&lst_type=&my_qna=0&chr_cd=&lec_cd=&sword=&
메가스터디,국어,엄선경,https://m.megastudy.net/mobile/smart/teacher/qa_clean_list_ax_json.asp?OptVw=false&cat_cd=&ans_yn=&brd_kbn=qnabbs&tec_type=1&tec_cd=kehsck1&brd_cd=537&brd_tbl=MS_BRD_TEC537&lst_type=&my_qna=0&chr_cd=&lec_cd=&sword=&
메가스터디,수학,양승진,https://m.megastudy.net/mobile/smart/teacher/qa_clean_list_ax_json.asp?OptVw=false&cat_cd=&ans_yn=&brd_kbn=qnabbs&tec_type=1&tec_cd=bulbaiyang1&brd_cd=662&brd_tbl=MS_BRD_TEC662&lst_type=&my_qna=0&chr_cd=&lec_cd=&sword=&
메가스터디,수학,김성은,https://m.megastudy.net/mobile/smart/teacher/qa_clean_list_ax_json.asp?OptVw=false&cat_cd=&ans_yn=&brd_kbn=qnabbs&tec_type=1&tec_cd=megakse&brd_cd=638&brd_tbl=MS_BRD_TEC638&lst_type=&my_qna=0&chr_cd=&lec_cd=&sword=&
이투스,국어,그믐달,https://m.etoos.com/teacher/qna/qna_list.asp?teacher_id=200345&_swipe=Y&t=1683604445398&page=
이투스,국어,방동진,https://m.etoos.com/teacher/qna/qna_list.asp?teacher_id=200238&_swipe=Y&t=1683604445398&page=
이투스,논술,최은식,https://m.etoos.com/teacher/qna/qna_list.asp?teacher_id=200371&_swipe=Y&t=1683604445398&page=
대성마이맥,국어,김상훈,180
대성마이맥,수학,정상모,969
대성마이맥,영어,션티,983
대성마이맥,사회탐구,임정환,359
